{"auto-array":[{"auto":[{"@serialization":"custom","auto":{"date":"2019-10-16 20:47:31.649 UTC","default":{"brojVrata":5,"godište":2005,"datumProizvodnje":"2019-10-16 20:47:31.523 UTC","model":"320E","motor":{"zapremina":1.998,"snaga":222,"serijskiBroj":"sdgsdkjgkl","tip":"DIZEL"}}}},{"@serialization":"custom","auto":{"date":"2019-10-16 20:47:31.649 UTC","default":{"brojVrata":5,"godište":2006,"datumProizvodnje":"2019-10-16 20:47:31.523 UTC","model":"Astra","motor":{"@reference":"..\/..\/..\/..\/auto\/auto\/default\/motor"}}}}]}]}